snp,p,r2_adj
5_3188327,9.828278400677544e-47,0.5923671304774061
1_16926678,7.971388853420146e-45,0.5764626716565266
2_13389912,9.63179131083933e-45,0.5757643960753802
3_633643,1.321813665452022e-44,0.5745937254146787
2_13831001,2.505951839722201e-44,0.5722180739177434
2_13497605,2.8753766063591927e-44,0.571705635485156
2_13824725,3.0662300097275583e-44,0.5714659474662478
4_17323169,3.3372453348310757e-44,0.5711498517972045
3_10129819,6.168534269743935e-44,0.5688502269226574
3_10130333,7.357097287060151e-44,0.5681883650959257
2_13636054,7.624934925423599e-44,0.5680539256904364
1_3681663,7.661028686408549e-44,0.5680361676253506
4_15985363,7.982546013536625e-44,0.5678815456495818
2_13405255,8.943808579878507e-44,0.567453609637651
3_2995668,9.540356184764594e-44,0.5672104094566909
2_13660522,9.91536906513794e-44,0.5670651266735661
4_6746308,1.0032926218725273e-43,0.5670207040178115
4_6746274,1.0868926180829218e-43,0.5667189298661455
4_6749271,1.2248501149810232e-43,0.5662679823362216
4_17323026,1.2362702962111137e-43,0.5662329403166961
2_13581935,1.2474284253871334e-43,0.5661990109619682
2_13867878,1.3010346223531265e-43,0.5660400915676413
2_13734069,1.3508780097188763e-43,0.5658980467460569
2_13641384,1.430730361517249e-43,0.5656809688550561
2_13680974,1.9693136165906688e-43,0.5644713349386287
2_13699658,1.9693136165906688e-43,0.5644713349386287
2_13679714,1.9693136165906688e-43,0.5644713349386287
4_13198452,2.112982488750209e-43,0.5642042906285247
1_6371576,2.3795309243270256e-43,0.5637533716497143
1_6372386,2.581907237678105e-43,0.563443293501789
4_6990478,2.9877140664705832e-43,0.5628881953894831
2_13686210,3.220027577014876e-43,0.5626031824931201
2_13367633,3.263337685764443e-43,0.5625523101342939
2_13788041,3.4094360990880044e-43,0.5623855076359033
2_13732568,3.697550453167903e-43,0.5620763739848065
2_13730843,3.697550453167903e-43,0.5620763739848065
2_13728729,3.697550453167903e-43,0.5620763739848065
2_13729250,3.697550453167903e-43,0.5620763739848065
4_13996521,3.916574267387481e-43,0.5618569517888687
2_13827143,4.0730095248500056e-43,0.5617075564309957
5_2195750,6.0681044198251784e-43,0.5601839556805239
2_13676419,6.871851428379904e-43,0.5597074997884639
5_5206467,7.454477921953863e-43,0.5593954972052414
2_13582654,7.506454778272589e-43,0.5593688481181683
2_13892779,7.72963584622311e-43,0.5592564621155975
2_13892668,7.72963584622311e-43,0.5592564621155975
2_13700850,7.844479386196213e-43,0.5591998784376666
2_13764351,8.691492699430574e-43,0.5588062909763611
2_13362925,9.286747173079675e-43,0.5585518237435501
2_13577212,9.389798294325556e-43,0.5585094181286443
5_19646037,1.0506651152685576e-42,0.5580773304964142
2_13796580,1.0525019428695474e-42,0.5580706115088145
1_6621990,1.46466761047731e-42,0.5567976363760849
4_6760682,1.7494995084722778e-42,0.5561115972710116
5_18592588,1.7910540980074878e-42,0.55602089177029
2_13302150,1.7973800595764283e-42,0.5560072667047644
5_19647262,2.0285200223897324e-42,0.5555395088116692
1_26388439,2.0546535051500173e-42,0.5554899857861837
1_26388831,2.0546535051500173e-42,0.5554899857861837
1_26389550,2.0546535051500173e-42,0.5554899857861837
2_13703545,2.6101785141739488e-42,0.5545631370912769
4_6722360,2.8198633608794892e-42,0.5542634624659031
5_5206321,3.342750908715267e-42,0.5536030373460656
2_13897214,3.365597029707044e-42,0.5535765727260402
2_13731358,3.427089247474591e-42,0.5535062162045212
3_816865,3.491143261963107e-42,0.5534342470667171
3_10128509,3.8228449031482386e-42,0.5530813245586601
4_6990219,3.864352031058976e-42,0.5530393160139987
1_19929217,3.9259397420399067e-42,0.5529778014272029
3_10130228,4.045977802696592e-42,0.5528606078007042
2_13905812,4.06390095402448e-42,0.5528434057357124
3_19109381,4.5085831734056e-42,0.5524390940494271
3_20779791,5.067714628595616e-42,0.5519834681758065
2_13607542,5.909443799204489e-42,0.5513838954369384
2_13617193,6.775176288996954e-42,0.5508497821418578
3_23186092,6.929906021718495e-42,0.5507615023761452
5_7554665,7.098368601224868e-42,0.5506675823560345
1_5558655,7.500033435353891e-42,0.5504522770560489
1_6619894,7.559722439902626e-42,0.5504212612166475
1_169883,7.948800425544329e-42,0.5502248476997849
1_5040139,8.066955006250997e-42,0.550167085066486
2_13751242,8.823556992210798e-42,0.54981597162914
4_14151468,8.944462367254529e-42,0.5497626455976328
1_6277736,1.0020316040246093e-41,0.549317361875501
1_2813050,1.0626143587046952e-41,0.549087049908741
4_16934619,1.085117173429427e-41,0.5490048046776907
2_13342408,1.3482239531161774e-41,0.5481518710272122
4_2479227,1.4237115086556158e-41,0.5479375845908476
1_17368201,1.4467031368359685e-41,0.5478745524871786
4_701659,1.4672618205495086e-41,0.5478190257453281
1_19929017,1.4711123876109457e-41,0.5478087115996626
1_30211135,1.4780782536624274e-41,0.5477901206191387
2_13329608,1.5019266084381675e-41,0.5477271237643898
1_6178793,1.7164620115341733e-41,0.5472012833877062
2_10781059,1.8961899883393087e-41,0.5468086973200125
5_26590223,2.0984321230602292e-41,0.5464088157805542
1_5459111,2.4153399182421135e-41,0.5458532611635156
1_5459093,2.478794739256615e-41,0.5457507563761845
1_4369852,2.52756681397548e-41,0.5456737229632769
5_6628564,2.7815559981262264e-41,0.5452949692777791
5_19538929,2.8720244270394015e-41,0.5451682965312334
4_6964654,3.0810804241899077e-41,0.5448900931609726
2_2583170,3.194643059118033e-41,0.5447467147985796
2_10937433,3.2661523723210105e-41,0.5446590008991719
1_4131939,3.386468028359167e-41,0.5445156302313316
4_17313606,3.4606529313103405e-41,0.5444297255794277
2_13858691,3.485969738810637e-41,0.5444008265219613
1_6168442,3.9692628470026535e-41,0.5438857605302556
1_16188446,4.3452516102923463e-41,0.5435263821615717
3_19108864,4.4981096615963333e-41,0.5433890201350825
5_12277752,4.764232550210111e-41,0.5431605621937051
2_13754732,4.918923636814725e-41,0.5430335110714044
2_19494953,5.073929400923929e-41,0.5429101140652435
5_21414318,5.273370357856515e-41,0.5427567289640327
2_13343881,6.153319202268601e-41,0.5421422572469361
1_531247,6.841478374036246e-41,0.5417196676910703
1_6178123,6.841905310170138e-41,0.5417194188274421
1_6179475,6.841905310170138e-41,0.5417194188274421
1_6180612,6.841905310170138e-41,0.5417194188274421
1_2878293,7.146860867918726e-41,0.5415454786313756
5_26597025,7.181386028441024e-41,0.5415262517699078
1_6622295,7.973968336598979e-41,0.5411083779392057
2_10917720,8.348895402662395e-41,0.5409248593370893
5_3066735,8.351961035568528e-41,0.5409233927035639
4_1345545,9.413753354675131e-41,0.5404450486664301
4_1564011,9.68801685968327e-41,0.5403301887896985
5_4928773,9.928118659184122e-41,0.5402322516069582
1_2058966,1.0107457086079593e-40,0.5401606196786869
2_13979627,1.015662963904271e-40,0.5401411990715788
2_13980708,1.015662963904271e-40,0.5401411990715788
3_758364,1.0269152833128942e-40,0.5400971066691345
1_4323408,1.0527083140314808e-40,0.5399978172028241
1_5197615,1.1274139502470341e-40,0.5397232926961608
2_6942911,1.210978997964188e-40,0.5394368131711241
1_2054262,1.2868525524287474e-40,0.5391931944683501
1_6000509,1.2976871187698628e-40,0.5391595734866161
1_6178993,1.3210337079591738e-40,0.5390880622203109
2_9474199,1.370197431484947e-40,0.5389414828452443
2_17757686,1.390615937004294e-40,0.538882132677822
3_6762217,1.3952068604125165e-40,0.5388689073017612
5_9226653,1.438896723491015e-40,0.5387451631991975
1_29242213,1.4539059223643854e-40,0.538703510313606
1_8179050,1.4708168752256529e-40,0.5386570874547875
2_13317831,1.5116558125650793e-40,0.5385471256427303
1_30157945,1.5148043976526146e-40,0.538538770522244
4_6720831,1.6055469306663244e-40,0.5383050940021845
1_4577991,1.6122010355183077e-40,0.5382884774701049
5_26609233,1.7504544869620891e-40,0.537957801343657
2_17885032,1.7553450937015653e-40,0.5379465837439408
5_25946317,1.85870096033755e-40,0.5377164943966293
1_29709114,1.9693624772808958e-40,0.5374837972507893
1_2810722,1.9946291002509307e-40,0.5374324868548067
1_5032705,2.072365696129135e-40,0.5372785702440214
4_15415273,2.088851283106525e-40,0.5372466656191648
3_10493889,2.1042914766957596e-40,0.5372170097221153
5_20245019,2.186540363348713e-40,0.5370625826182667
2_13316159,2.205359822436227e-40,0.537028058136408
1_17360452,2.3654654862910848e-40,0.5367456304655283
5_2049061,2.396023359095353e-40,0.536693886538615
1_8261820,2.4024381901351875e-40,0.5366831073606223
1_8262162,2.4024381901351875e-40,0.5366831073606223
2_15027320,2.4742007782377993e-40,0.5365644290707234
2_13303119,2.540756486279314e-40,0.536457373057394
4_6955754,2.5647836993921287e-40,0.5364194066167565
4_12621706,2.594138174055302e-40,0.5363734980170083
4_16073611,2.618993491859345e-40,0.5363350266898184
5_58449,2.771623515394254e-40,0.5361064378388289
2_15027421,2.8021538653313487e-40,0.5360622145721956
2_15027066,2.8021538653313487e-40,0.5360622145721956
4_16702929,2.809245416911516e-40,0.5360520108191231
5_26686946,3.0564610533838043e-40,0.5357113943817602
4_13489650,3.0593801003121125e-40,0.5357075378436471
4_6731791,3.1356652735321826e-40,0.5356080251860338
2_13320293,3.2249955857527437e-40,0.535494501932239
3_20401086,3.3721108910517395e-40,0.5353141700728953
5_22844880,3.4910556775121516e-40,0.535173982597826
5_19508285,3.554925972838493e-40,0.5351006472692874
1_8234459,3.5628463751147057e-40,0.5350916443065192
2_15028270,3.57939380384938e-40,0.5350728990302077
5_19538063,3.799305893087739e-40,0.5348316233775654
1_28424961,3.9378094033084966e-40,0.5346866718552339
1_2061401,3.942658046722598e-40,0.5346816895251851
4_17956612,3.948798526016248e-40,0.5346753884510407
3_4395523,4.0392541569845e-40,0.5345836760474447
5_2896695,4.069858422846228e-40,0.534553106980161
5_7521201,4.100691671772579e-40,0.5345225387798349
5_2898204,4.130759651075147e-40,0.5344929479292212
4_17314273,4.406020781597152e-40,0.5342315730677141
2_8155673,4.551009112065498e-40,0.5341003375985194
2_14119592,4.633215207486885e-40,0.5340277584696473
5_18590501,4.73440621515293e-40,0.5339401507789991
5_6513304,4.885051118974986e-40,0.5338131075718238
1_6283826,4.92505008575366e-40,0.5337800276983211
2_19258134,5.071161784739832e-40,0.5336614134720672
1_25744824,5.1348965313553835e-40,0.533610730920796
1_6403951,5.221673066385711e-40,0.5335427188454231
3_15973104,5.258394843358918e-40,0.533514274532253
1_6406896,5.6783162467002746e-40,0.5332023236436477
5_17313846,5.831439326776174e-40,0.5330942336059409
5_15621496,5.8567535695413475e-40,0.5330766356674954
